[
    {
        "latitude": 57.118696610829296,
        "longitude": -2.1350145324081367
    },
    {
        "latitude": 57.12472316954158,
        "longitude": -2.1235538589339824
    },
    {
        "latitude": 57.142790740283466,
        "longitude": -2.0683673297215033
    },
    {
        "latitude": 57.164778205530816,
        "longitude": -2.1015163130633314
    },
    {
        "latitude": 57.49703458577146,
        "longitude": -1.7737915403931885
    },
    {
        "latitude": 56.71138386464451,
        "longitude": -2.5007948245353546
    },
    {
        "latitude": 57.575264769752714,
        "longitude": -1.8395026785798918
    },
    {
        "latitude": 57.691400071252325,
        "longitude": -2.8200365620642267
    },
    {
        "latitude": 57.3224444540274,
        "longitude": -0.19091586949240597
    },
    {
        "latitude": 58.5,
        "longitude": 1.2
    },
    {
        "latitude": 59.3,
        "longitude": 2.0
    },
    {
        "latitude": 58.75,
        "longitude": 1.45
    },
    {
        "latitude": 58.9,
        "longitude": -0.5
    },
    {
        "latitude": 59.0,
        "longitude": 1.8
    },
    {
        "latitude": 59.15,
        "longitude": 1.25
    },
    {
        "latitude": 58.9,
        "longitude": 2.45
    },
    {
        "latitude": 59.3,
        "longitude": 1.75
    },
    {
        "latitude": 57.75,
        "longitude": 3.2
    },
    {
        "latitude": 60.2,
        "longitude": 2.8
    },
    {
        "latitude": 58.45,
        "longitude": 1.85
    },
    {
        "latitude": 58.75,
        "longitude": 1.55
    },
    {
        "latitude": 59.35,
        "longitude": 2.15
    },
    {
        "latitude": 59.55,
        "longitude": 3.45
    },
    {
        "latitude": 58.95,
        "longitude": 1.75
    },
    {
        "latitude": 60.1,
        "longitude": 2.6
    },
    {
        "latitude": 60.011834349365174,
        "longitude": -0.6256759999431156
    },
    {
        "latitude": 57.58030239123823,
        "longitude": -1.809830505627202
    },
    {
        "latitude": 54.95366950582399,
        "longitude": -3.365944564974183
    },
    {
        "latitude": 54.256256699607135,
        "longitude": -5.58288333128205
    },
    {
        "latitude": 56.33032266178919,
        "longitude": 1.0382213051032838
    },
    {
        "latitude": 54.72343080253808,
        "longitude": -1.1963326064285826
    }
]