[
    {
        "id": 1,
        "name": "Thistle",
        "coordinates": {
            "coordinates": {
                "latitude": 59.15,
                "longitude": 1.25
            },
            "depth": 210.0
        },
        "health": "Healthy",
        "pressure": 120.5,
        "temperature": 15.8,
        "flow_rate": 3200.0,
        "last_inspection": "2025-01-01T10:00:00Z",
        "next_maintenance": "2025-06-01T10:00:00Z",
        "alerts": [
            "None"
        ],
        "connected_assets": [
            "Balmoral",
            "Logan"
        ],
        "open_anomaly_count": 0,
        "workpacks_at_site_count": 3
    },
    {
        "id": 2,
        "name": "Balmoral",
        "coordinates": {
            "coordinates": {
                "latitude": 58.9,
                "longitude": 2.45
            },
            "depth": 230.0
        },
        "health": "Degraded",
        "pressure": 110.0,
        "temperature": 13.5,
        "flow_rate": 2800.0,
        "last_inspection": "2024-12-15T12:00:00Z",
        "next_maintenance": "2025-05-10T10:00:00Z",
        "alerts": [
            "Low pressure warning"
        ],
        "connected_assets": [
            "Thistle",
            "Tartan"
        ],
        "open_anomaly_count": 1,
        "workpacks_at_site_count": 2
    },
    {
        "id": 3,
        "name": "Tartan",
        "coordinates": {
            "coordinates": {
                "latitude": 59.3,
                "longitude": 1.75
            },
            "depth": 250.0
        },
        "health": "Critical",
        "pressure": 140.0,
        "temperature": 18.2,
        "flow_rate": 3600.0,
        "last_inspection": "2024-11-20T14:00:00Z",
        "next_maintenance": "2025-02-15T09:00:00Z",
        "alerts": [
            "High pressure alert",
            "Flow irregularity detected"
        ],
        "connected_assets": [
            "Balmoral",
            "Kelpie"
        ],
        "open_anomaly_count": 2,
        "workpacks_at_site_count": 4
    },
    {
        "id": 4,
        "name": "Logan",
        "coordinates": {
            "coordinates": {
                "latitude": 57.75,
                "longitude": 3.2
            },
            "depth": 270.0
        },
        "health": "Offline",
        "pressure": 0.0,
        "temperature": 0.0,
        "flow_rate": 0.0,
        "last_inspection": "2024-10-01T10:00:00Z",
        "next_maintenance": "2025-01-20T11:00:00Z",
        "alerts": [
            "Asset offline"
        ],
        "connected_assets": [
            "Thistle"
        ],
        "open_anomaly_count": 0,
        "workpacks_at_site_count": 1
    },
    {
        "id": 5,
        "name": "Kelpie",
        "coordinates": {
            "coordinates": {
                "latitude": 60.2,
                "longitude": 2.8
            },
            "depth": 220.0
        },
        "health": "Healthy",
        "pressure": 125.0,
        "temperature": 16.0,
        "flow_rate": 3000.0,
        "last_inspection": "2024-12-10T09:00:00Z",
        "next_maintenance": "2025-07-01T10:00:00Z",
        "alerts": [
            "None"
        ],
        "connected_assets": [
            "Tartan"
        ],
        "open_anomaly_count": 0,
        "workpacks_at_site_count": 5
    },
    {
        "id": 6,
        "name": "Angus",
        "coordinates": {
            "coordinates": {
                "latitude": 58.45,
                "longitude": 1.85
            },
            "depth": 200.0
        },
        "health": "Healthy",
        "pressure": 130.0,
        "temperature": 16.1,
        "flow_rate": 3100.0,
        "last_inspection": "2025-01-05T09:00:00Z",
        "next_maintenance": "2025-07-01T10:00:00Z",
        "alerts": [
            "None"
        ],
        "connected_assets": [
            "Belhaven"
        ],
        "open_anomaly_count": 0,
        "workpacks_at_site_count": 2
    },
    {
        "id": 7,
        "name": "Belhaven",
        "coordinates": {
            "coordinates": {
                "latitude": 58.75,
                "longitude": 1.55
            },
            "depth": 190.0
        },
        "health": "Degraded",
        "pressure": 100.0,
        "temperature": 14.0,
        "flow_rate": 2600.0,
        "last_inspection": "2024-12-20T11:00:00Z",
        "next_maintenance": "2025-05-15T09:00:00Z",
        "alerts": [
            "Low pressure warning"
        ],
        "connected_assets": [
            "Angus",
            "Union"
        ],
        "open_anomaly_count": 1,
        "workpacks_at_site_count": 3
    },
    {
        "id": 8,
        "name": "Union",
        "coordinates": {
            "coordinates": {
                "latitude": 59.35,
                "longitude": 2.15
            },
            "depth": 240.0
        },
        "health": "Critical",
        "pressure": 140.0,
        "temperature": 17.5,
        "flow_rate": 4000.0,
        "last_inspection": "2024-11-25T10:30:00Z",
        "next_maintenance": "2025-03-10T10:00:00Z",
        "alerts": [
            "High pressure alert",
            "Flow rate fluctuation detected"
        ],
        "connected_assets": [
            "Belhaven",
            "Auchterloch"
        ],
        "open_anomaly_count": 3,
        "workpacks_at_site_count": 5
    },
    {
        "id": 9,
        "name": "Auchterloch",
        "coordinates": {
            "coordinates": {
                "latitude": 59.55,
                "longitude": 3.45
            },
            "depth": 250.0
        },
        "health": "Healthy",
        "pressure": 120.0,
        "temperature": 15.0,
        "flow_rate": 3500.0,
        "last_inspection": "2024-12-01T08:30:00Z",
        "next_maintenance": "2025-06-20T09:00:00Z",
        "alerts": [
            "None"
        ],
        "connected_assets": [
            "Union"
        ],
        "open_anomaly_count": 0,
        "workpacks_at_site_count": 4
    },
    {
        "id": 10,
        "name": "Fifties",
        "coordinates": {
            "coordinates": {
                "latitude": 58.95,
                "longitude": 1.75
            },
            "depth": 270.0
        },
        "health": "Offline",
        "pressure": 0.0,
        "temperature": 0.0,
        "flow_rate": 0.0,
        "last_inspection": "2024-10-15T10:00:00Z",
        "next_maintenance": "2025-02-15T09:00:00Z",
        "alerts": [
            "Asset offline"
        ],
        "connected_assets": [
            "Ness"
        ],
        "open_anomaly_count": 0,
        "workpacks_at_site_count": 1
    },
    {
        "id": 11,
        "name": "Ness",
        "coordinates": {
            "coordinates": {
                "latitude": 60.1,
                "longitude": 2.6
            },
            "depth": 230.0
        },
        "health": "Degraded",
        "pressure": 105.0,
        "temperature": 14.8,
        "flow_rate": 2700.0,
        "last_inspection": "2024-11-10T09:00:00Z",
        "next_maintenance": "2025-04-01T10:00:00Z",
        "alerts": [
            "Pressure drop detected"
        ],
        "connected_assets": [
            "Fifties"
        ],
        "open_anomaly_count": 1,
        "workpacks_at_site_count": 2
    }
]